{
  "bleu": 0.02770012585612965,
  "rouge": {
    "rouge-1": {
      "r": 0.3244591308417567,
      "p": 0.1872342493451794,
      "f": 0.17732883018116274
    },
    "rouge-2": {
      "r": 0.12477718491286832,
      "p": 0.05362075302027847,
      "f": 0.05546915177068099
    },
    "rouge-l": {
      "r": 0.3030078758298576,
      "p": 0.16921478297365372,
      "f": 0.16152043260677848
    }
  },
  "bertscore": {
    "precision": 0.8368143859234723,
    "recall": 0.8533836589618162,
    "f1": 0.8443978970701044
  }
}